{"evaluation/target_0.85_return_mean": 17.865520168544208, "time/total": 76.84760808944702, "_step": 0, "eval/eval_loss_std": 0.01593950289881087, "training/train_loss_mean": 1.7491052269935607, "evaluation/target_0.85_length_mean": 19.9, "evaluation/target_1.0_length_mean": 9.4, "time/evaluation": 71.29820108413696, "evaluation/target_1.0_not_crashed (out of 10 runs)": 0, "_timestamp": 1681436876.779899, "evaluation/target_1.0_return_std": 3.3302015011231116, "evaluation/target_1.0_return_mean": 8.008340509440313, "training/train_loss_std": 0.03728758517546446, "_runtime": 95.06666493415833, "eval/eval_loss_mean": 1.7455718874931336, "evaluation/target_0.85_not_crashed (out of 10 runs)": 0, "evaluation/target_0.85_return_std": 10.49548627117048, "evaluation/target_1.0_length_std": 3.52703841770968, "training/action_error": 0.82421875, "eval/action_error": 0.8354114890098572, "evaluation/target_0.85_length_std": 11.15750868249718, "time/training": 4.293308734893799}
