{"time/total": 97.57142877578735, "evaluation/target_1.0_not_crashed (out of 10 runs)": 0, "eval/action_error": 0.75, "time/evaluation": 92.52256989479065, "evaluation/target_0.85_return_mean": 19.393751777397576, "_step": 0, "_timestamp": 1681437082.380079, "evaluation/target_1.0_length_std": 8.651589449343975, "evaluation/target_1.0_length_mean": 18.5, "evaluation/target_0.85_not_crashed (out of 10 runs)": 0, "evaluation/target_0.85_length_std": 9.980480950335009, "evaluation/target_0.85_return_std": 9.387196201484908, "time/training": 4.100717782974243, "evaluation/target_1.0_return_std": 8.056640566432069, "training/train_loss_std": 0.02808615722881113, "training/action_error": 0.8146551847457886, "_runtime": 108.14240193367004, "training/train_loss_mean": 1.7030643105506897, "eval/eval_loss_std": 0.07789715270555828, "evaluation/target_0.85_length_mean": 22.3, "evaluation/target_1.0_return_mean": 15.868121488131928, "eval/eval_loss_mean": 1.6928050994873047}
